member_id,year,month,order_count,meals_count,monthly_budget,total_expense,balance,commission
47,2020,1,17,37,1836.15,500,-1336.15,136.2795
126,2020,1,30,64,2676.98,1000,-1676.98,214.985
68,2020,1,24,52,2286.53,1000,-1286.53,164.9385
193,2020,1,24,54,2547.62,500,-2047.62,193.59125
53,2020,1,23,50,2456.64,1000,-1456.64,193.9765
115,2020,1,25,62,2760.23,600,-2160.23,211.09775
192,2020,1,21,46,2044.02,1000,-1044.02,151.01575
19,2020,1,20,36,1747.43,1000,-747.43,128.37675
176,2020,1,21,51,2225.54,600,-1625.54,159.1045
130,2020,1,20,52,2503.43,1000,-1503.43,203.56175
195,2020,1,25,56,2592.77,800,-1792.77,181.0185
191,2020,1,29,65,2873.94,800,-2073.94,195.246
84,2020,1,22,38,1766.17,500,-1266.17,142.14775
77,2020,1,22,50,2285.76,600,-1685.76,151.21525
133,2020,1,29,66,2821.92,800,-2021.92,218.1215
67,2020,1,27,63,2962.03,600,-2362.03,243.306
2,2020,1,25,65,3017.95,500,-2517.95,223.85525
69,2020,1,31,68,3308.46,1000,-2308.46,267.27475
82,2020,1,27,63,2714.75,1000,-1714.75,217.10175
174,2020,1,27,79,3536.94,600,-2936.94,265.702
177,2020,1,25,58,2497.45,500,-1997.45,178.7695
7,2020,1,25,63,2981.52,500,-2481.52,225.733
58,2020,1,27,64,2980.88,800,-2180.88,213.5035
132,2020,1,28,67,3104.14,800,-2304.14,240.029
162,2020,1,18,45,2190.64,800,-1390.64,168.08375
128,2020,1,22,51,2183.25,800,-1383.25,175.40225
59,2020,1,30,66,2942.33,1000,-1942.33,208.95025
22,2020,1,30,78,3533.53,1000,-2533.53,266.90575
198,2020,1,21,56,2726.78,800,-1926.78,200.781
196,2020,1,24,55,2714.11,500,-2214.11,204.25
140,2020,1,22,46,1907.6,600,-1307.6,150.9225
150,2020,1,20,47,1820.95,800,-1020.95,152.95375
37,2020,1,39,91,4418.24,800,-3618.24,345.03475
161,2020,1,24,55,2630.04,500,-2130.04,195.591
18,2020,1,35,75,3225.02,800,-2425.02,251.90325
78,2020,1,29,73,3396.95,500,-2896.95,271.72525
100,2020,1,25,69,3062.92,600,-2462.92,212.214
117,2020,1,28,58,2634.19,500,-2134.19,200.69525
27,2020,1,24,65,3029.98,1000,-2029.98,255.83975
199,2020,1,26,58,2795.38,500,-2295.38,219.14025
143,2020,1,25,65,2571.33,800,-1771.33,204.3125
51,2020,1,33,82,3918.92,500,-3418.92,296.26125
142,2020,1,26,62,2866.51,600,-2266.51,204.791
113,2020,1,27,59,2622.93,1000,-1622.93,186.5245
96,2020,1,23,44,2070.73,800,-1270.73,174.7085
147,2020,1,30,70,3101.01,500,-2601.01,231
153,2020,1,28,61,2648.39,500,-2148.39,202.036
48,2020,1,26,57,2563.61,600,-1963.61,202.4815
160,2020,1,24,60,2700.97,800,-1900.97,195.12525
50,2020,1,26,51,2266.88,600,-1666.88,150.78775
73,2020,1,24,44,2067.75,600,-1467.75,166.667
76,2020,1,23,53,2110.5,500,-1610.5,147.476
88,2020,1,25,62,2659.22,1000,-1659.22,196.16575
144,2020,1,24,58,2504.2,600,-1904.2,182.08325
167,2020,1,30,62,2609.11,500,-2109.11,214.096
97,2020,1,24,59,2931.14,800,-2131.14,211.67875
104,2020,1,29,74,3273.06,1000,-2273.06,253.547
71,2020,1,33,73,3426.67,500,-2926.67,253.9905
21,2020,1,27,65,2891.08,600,-2291.08,214.91375
31,2020,1,25,68,3095.33,1000,-2095.33,231.3705
14,2020,1,28,63,2710.46,600,-2110.46,203.33175
12,2020,1,20,49,2031.76,500,-1531.76,160.8145
187,2020,1,29,63,2831.08,1000,-1831.08,230.30825
94,2020,1,25,49,2209.75,600,-1609.75,168.25075
138,2020,1,26,64,2949.71,600,-2349.71,228.517
183,2020,1,21,51,2236.12,500,-1736.12,150.0095
89,2020,1,33,83,3800.56,500,-3300.56,298.26175
3,2020,1,23,48,2054.95,500,-1554.95,162.21125
122,2020,1,29,60,2615.06,800,-1815.06,221.22175
141,2020,1,27,65,2888.96,500,-2388.96,235.4605
108,2020,1,32,68,3114.84,800,-2314.84,244.22775
43,2020,1,27,61,2667.38,600,-2067.38,203.9585
42,2020,1,21,56,2374.14,1000,-1374.14,184.54925
200,2020,1,30,70,3156.95,600,-2556.95,218.5945
127,2020,1,27,52,2404.26,800,-1604.26,175.251
139,2020,1,19,36,1577.97,800,-777.97,122.71725
38,2020,1,28,58,2634.74,600,-2034.74,221.44325
17,2020,1,27,56,2546.18,500,-2046.18,194.2385
107,2020,1,35,77,3859.93,1000,-2859.93,334.1135
4,2020,1,28,66,2970.5,600,-2370.5,254.37125
16,2020,1,31,79,3561.98,500,-3061.98,284.9335
95,2020,1,22,53,2380.98,600,-1780.98,187.68775
55,2020,1,24,55,2500.61,500,-2000.61,170.9645
120,2020,1,29,63,2565.61,800,-1765.61,212.1105
179,2020,1,26,62,2800.08,500,-2300.08,225.29375
99,2020,1,24,64,2845.08,500,-2345.08,225.1795
54,2020,1,28,68,2839.41,800,-2039.41,209.358
75,2020,1,22,47,2350.8,800,-1550.8,178.34575
125,2020,1,29,61,2689.59,500,-2189.59,199.10625
10,2020,1,12,31,1183,600,-583,93.9935
124,2020,1,32,79,3331.35,1000,-2331.35,252.22125
163,2020,1,20,43,1789.12,500,-1289.12,136.413
189,2020,1,28,68,3063.68,500,-2563.68,224.8445
136,2020,1,27,63,2856.38,500,-2356.38,217.147
72,2020,1,24,52,2365.25,600,-1765.25,191.85075
45,2020,1,33,77,3423.77,800,-2623.77,258.5735
49,2020,1,23,57,2693.59,800,-1893.59,200.61
137,2020,1,27,67,3001.57,800,-2201.57,225.9015
175,2020,1,26,51,2284.36,1000,-1284.36,176.98875
154,2020,1,27,45,1976.44,1000,-976.44,156.4455
24,2020,1,30,63,2885.92,500,-2385.92,245.69975
157,2020,1,32,74,3052.95,1000,-2052.95,230.67475
63,2020,1,30,67,2982.45,500,-2482.45,249.15075
178,2020,1,21,54,2320.21,500,-1820.21,177.303
5,2020,1,30,65,2727.48,500,-2227.48,198.18725
33,2020,1,24,45,2041.22,500,-1541.22,145.90425
85,2020,1,21,36,1652.82,600,-1052.82,129.483
9,2020,1,29,61,2771.7,500,-2271.7,213.68525
28,2020,1,19,42,1731.43,600,-1131.43,135.65375
170,2020,1,26,54,2340.78,500,-1840.78,187.62625
91,2020,1,32,82,3648.07,1000,-2648.07,301.285
164,2020,1,32,68,3193.4,500,-2693.4,229.93575
118,2020,1,31,75,3299.74,600,-2699.74,239.46675
156,2020,1,23,55,2314.15,600,-1714.15,180.224
129,2020,1,30,80,3981.58,800,-3181.58,332.79
119,2020,1,26,56,2612.5,500,-2112.5,188.06825
30,2020,1,15,33,1444.26,1000,-444.26,114.79175
74,2020,1,33,68,3371.55,600,-2771.55,270.03225
197,2020,1,21,45,1744.83,500,-1244.83,122.379
111,2020,1,20,44,1920.95,800,-1120.95,159.2905
80,2020,1,29,73,3459.09,1000,-2459.09,260.539
182,2020,1,19,49,2271.76,800,-1471.76,175.39
188,2020,1,25,63,2797.55,800,-1997.55,220.8635
29,2020,1,30,66,3063.57,800,-2263.57,230.26
26,2020,1,22,55,2606.61,1000,-1606.61,202.059
6,2020,1,23,56,2272.54,600,-1672.54,179.9655
103,2020,1,25,50,2155.52,800,-1355.52,154.061
149,2020,1,26,63,2594.57,600,-1994.57,200.58825
172,2020,1,25,54,2363.51,600,-1763.51,161.822
109,2020,1,33,77,3385.06,800,-2585.06,255.77575
83,2020,1,27,58,2399.32,600,-1799.32,175.06375
112,2020,1,20,48,2059.84,1000,-1059.84,152.4985
93,2020,1,26,57,2470.89,600,-1870.89,182.89375
87,2020,1,25,66,3121.91,600,-2521.91,228.012
25,2020,1,20,50,1963.25,600,-1363.25,148.34575
105,2020,1,20,40,1868.73,1000,-868.73,128.88325
1,2020,1,38,84,3773.92,1000,-2773.92,293.26525
81,2020,1,24,57,2735.4,500,-2235.4,197.14425
158,2020,1,27,64,3177.49,1000,-2177.49,239.4555
64,2020,1,28,62,2702.73,600,-2102.73,194.3975
131,2020,1,26,68,2850.7,1000,-1850.7,208.378
35,2020,1,30,72,3303.7,1000,-2303.7,264.14675
106,2020,1,28,62,2860,1000,-1860,215.1165
135,2020,1,29,58,2277.89,1000,-1277.89,171.49575
181,2020,1,23,58,2605.32,600,-2005.32,224.286
8,2020,1,17,38,1768.6,600,-1168.6,133.641
79,2020,1,28,74,3197.96,600,-2597.96,227.7575
102,2020,1,36,89,3813.69,1000,-2813.69,308.52575
159,2020,1,18,37,1764.94,800,-964.94,138.44575
65,2020,1,25,52,2807.09,1000,-1807.09,219.64775
110,2020,1,21,51,2404.04,800,-1604.04,181.209
114,2020,1,27,65,2891.32,1000,-1891.32,213.25075
98,2020,1,21,51,2096.26,800,-1296.26,163.6965
44,2020,1,23,47,2003.4,600,-1403.4,161.08675
41,2020,1,30,70,3191.9,500,-2691.9,239.06825
66,2020,1,22,35,1590.12,800,-790.12,116.76575
60,2020,1,11,23,1042.27,800,-242.27,84.83925
39,2020,1,29,70,3322.99,800,-2522.99,252.82525
32,2020,1,29,71,3062.04,500,-2562.04,243.99825
165,2020,1,26,60,2562.04,1000,-1562.04,197.89575
70,2020,1,26,61,2946.56,500,-2446.56,231.95125
121,2020,1,19,46,2061.75,800,-1261.75,166.41
101,2020,1,32,58,2561.19,500,-2061.19,196.95975
180,2020,1,25,63,2710.77,1000,-1710.77,213.80775
148,2020,1,27,64,2738.99,1000,-1738.99,210.45975
155,2020,1,25,52,2346.25,600,-1746.25,199.33875
116,2020,1,37,83,3700.99,500,-3200.99,287.18725
13,2020,1,26,63,2749.73,1000,-1749.73,217.2935
123,2020,1,29,63,2813.95,600,-2213.95,219.2395
20,2020,1,32,74,3080.13,800,-2280.13,257.34025
194,2020,1,21,56,2486.2,800,-1686.2,198.3505
184,2020,1,24,54,2442.01,500,-1942.01,207.7295
151,2020,1,37,86,4000.8,500,-3500.8,309.272
168,2020,1,30,66,2785.79,800,-1985.79,215.62475
52,2020,1,31,72,3124.69,800,-2324.69,249.79325
92,2020,1,25,54,2439.32,500,-1939.32,185.427
40,2020,1,25,49,2330.26,600,-1730.26,165.4295
61,2020,1,27,61,2928.83,600,-2328.83,231.40075
166,2020,1,31,71,3257.91,500,-2757.91,239.2475
134,2020,1,28,74,3404.46,600,-2804.46,278.1975
23,2020,1,27,66,2834.16,800,-2034.16,222.59675
152,2020,1,28,69,3049.82,600,-2449.82,225.012
186,2020,1,27,58,2509.77,600,-1909.77,195.939
36,2020,1,21,57,2310.81,600,-1710.81,179.7355
171,2020,1,31,79,3485.06,600,-2885.06,292.78575
56,2020,1,23,52,2542.11,500,-2042.11,182.719
90,2020,1,30,75,3210.29,800,-2410.29,226.597
34,2020,1,27,61,2657.89,800,-1857.89,205.42025
46,2020,1,32,77,3510.37,1000,-2510.37,274.179
173,2020,1,27,64,3127.77,1000,-2127.77,231.14675
57,2020,1,28,64,2802.6,500,-2302.6,203.56275
15,2020,1,19,39,1793.52,500,-1293.52,137.61225
190,2020,1,26,66,3084.27,1000,-2084.27,250.20125
146,2020,1,27,68,2817.93,600,-2217.93,208.02075
11,2020,1,29,65,2990.46,600,-2390.46,236.22125
185,2020,1,21,53,2395.81,500,-1895.81,171.8045
62,2020,1,22,49,2151.79,500,-1651.79,181.40575
145,2020,1,24,50,2073.55,600,-1473.55,151.242
86,2020,1,30,81,3622.22,800,-2822.22,281.472
169,2020,1,23,59,2720.42,500,-2220.42,218.6755
47,2020,2,25,61,2789.64,500,-2289.64,210.15975
126,2020,2,23,47,2031.02,1000,-1031.02,152.0005
68,2020,2,29,63,2680.76,1000,-1680.76,194.6365
115,2020,2,24,58,2418.88,600,-1818.88,174.2865
193,2020,2,23,52,2212.34,500,-1712.34,154.84
53,2020,2,20,47,1995.3,1000,-995.3,158.485
192,2020,2,22,54,2330.53,1000,-1330.53,171.52975
19,2020,2,22,43,2191.6,1000,-1191.6,168.99675
176,2020,2,28,67,3106.38,600,-2506.38,245.35425
130,2020,2,20,50,2269.9,1000,-1269.9,162.08825
195,2020,2,21,47,2128.93,800,-1328.93,148.7435
84,2020,2,26,61,2901.1,500,-2401.1,213.30375
191,2020,2,19,47,2298.92,800,-1498.92,181.7635
77,2020,2,20,41,1692.59,600,-1092.59,131.85375
133,2020,2,21,38,1666.96,800,-866.96,132.99775
67,2020,2,17,39,1778.61,600,-1178.61,133.135
2,2020,2,19,53,2137.48,500,-1637.48,158.43375
69,2020,2,15,23,1212.33,1000,-212.33,101.54525
82,2020,2,23,51,2343.07,1000,-1343.07,203.97575
174,2020,2,26,67,3012.48,600,-2412.48,226.10725
177,2020,2,28,73,3322.73,500,-2822.73,266.56875
7,2020,2,28,65,2884.71,500,-2384.71,222.3655
58,2020,2,14,32,1456.89,800,-656.89,108.338
132,2020,2,20,36,1692.14,800,-892.14,141.95625
162,2020,2,25,60,2758.46,800,-1958.46,196.6545
128,2020,2,24,46,1820.92,800,-1020.92,146.08925
59,2020,2,33,77,3443.49,1000,-2443.49,245.44975
22,2020,2,25,62,2930.44,1000,-1930.44,229.8215
198,2020,2,29,68,2989.62,800,-2189.62,220.4415
196,2020,2,26,66,2963.46,500,-2463.46,234.559
140,2020,2,18,45,2035.42,600,-1435.42,161.8975
150,2020,2,16,38,1898.82,800,-1098.82,147.17825
161,2020,2,26,65,2852.83,500,-2352.83,213.29075
37,2020,2,25,55,2548.02,800,-1748.02,196.64425
18,2020,2,30,73,3184.58,800,-2384.58,249.83425
78,2020,2,19,37,1851.1,500,-1351.1,138.59675
100,2020,2,26,54,2504.1,600,-1904.1,188.496
117,2020,2,26,55,2591.64,500,-2091.64,197.42525
27,2020,2,23,62,2772.52,1000,-1772.52,183.07375
199,2020,2,20,50,2267.9,500,-1767.9,165.946
143,2020,2,26,61,2577.44,800,-1777.44,188.40025
51,2020,2,32,82,3688.09,500,-3188.09,241.94275
142,2020,2,25,51,2186.25,600,-1586.25,165.92575
113,2020,2,22,68,3018.95,1000,-2018.95,218.701
96,2020,2,31,67,2945.62,800,-2145.62,239.61175
147,2020,2,24,62,2819.13,500,-2319.13,237.17625
153,2020,2,23,61,3048.53,500,-2548.53,228.11825
48,2020,2,26,62,2795.85,600,-2195.85,211.73175
160,2020,2,22,43,1985.7,800,-1185.7,146.00225
50,2020,2,23,53,2393.76,600,-1793.76,187.38375
73,2020,2,27,74,3433.35,600,-2833.35,268.533
76,2020,2,25,55,2718.45,500,-2218.45,207.456
88,2020,2,26,53,2172.87,1000,-1172.87,166.49825
144,2020,2,31,72,2936.22,600,-2336.22,215.02
97,2020,2,28,70,3383.45,800,-2583.45,258.04725
167,2020,2,28,63,2803.76,500,-2303.76,210.03725
104,2020,2,22,51,2288.51,1000,-1288.51,174.1355
71,2020,2,32,72,3356.26,500,-2856.26,253.6265
21,2020,2,27,63,2551.39,600,-1951.39,204.821
31,2020,2,14,34,1397.9,1000,-397.9,115.14275
14,2020,2,19,41,1808.81,600,-1208.81,141.9465
12,2020,2,16,31,1504.62,500,-1004.62,112.846
187,2020,2,25,62,2603.92,1000,-1603.92,204.72325
94,2020,2,17,35,1497.54,600,-897.54,125.9345
138,2020,2,22,39,1934.01,600,-1334.01,157.3845
183,2020,2,27,63,2854.81,500,-2354.81,226.362
89,2020,2,31,70,3055.7,500,-2555.7,233.605
3,2020,2,16,34,1572.6,500,-1072.6,109.60975
122,2020,2,28,64,2731.9,800,-1931.9,201.68025
108,2020,2,26,48,2054.79,800,-1254.79,152.95825
141,2020,2,35,76,3224.76,500,-2724.76,239.66375
43,2020,2,24,62,2765.55,600,-2165.55,214.798
42,2020,2,33,89,3865.45,1000,-2865.45,291.0465
200,2020,2,21,55,2298.5,600,-1698.5,198.619
139,2020,2,22,63,2843.32,800,-2043.32,215.4565
127,2020,2,23,50,2226.79,800,-1426.79,159.46375
38,2020,2,30,66,2894.98,600,-2294.98,204.45125
17,2020,2,16,36,1434.41,500,-934.41,100.054
107,2020,2,29,75,3517.97,1000,-2517.97,270.6595
4,2020,2,30,72,3007.22,600,-2407.22,212.86175
16,2020,2,18,53,2197.1,500,-1697.1,156.5755
95,2020,2,24,61,2659.37,600,-2059.37,201.347
55,2020,2,25,60,2710.83,500,-2210.83,219.37875
120,2020,2,23,54,2675.51,800,-1875.51,196.74075
179,2020,2,17,43,1932.21,500,-1432.21,146.6855
99,2020,2,22,50,2224.2,500,-1724.2,169.56875
75,2020,2,29,67,3016.8,800,-2216.8,230.817
54,2020,2,26,66,2813.14,800,-2013.14,202.731
125,2020,2,21,44,1924.82,500,-1424.82,140.28375
10,2020,2,21,47,2348.75,600,-1748.75,194.81075
124,2020,2,30,72,3306.7,1000,-2306.7,266.291
163,2020,2,31,71,3095.15,500,-2595.15,240.18025
189,2020,2,31,68,3022.15,500,-2522.15,208.7815
136,2020,2,27,63,2773.04,500,-2273.04,189.58925
72,2020,2,27,68,3141.02,600,-2541.02,245.67475
45,2020,2,28,69,3287.52,800,-2487.52,253.79825
49,2020,2,19,46,2219.9,800,-1419.9,178.2845
137,2020,2,27,55,2838.62,800,-2038.62,204.82175
175,2020,2,22,46,2061.06,1000,-1061.06,153.72
157,2020,2,27,60,2811.88,1000,-1811.88,226.64975
154,2020,2,23,49,2304.02,1000,-1304.02,171.87975
24,2020,2,22,58,2664.77,500,-2164.77,214.32275
178,2020,2,25,54,2495.77,500,-1995.77,203.4455
63,2020,2,29,75,3277.04,500,-2777.04,246.17775
5,2020,2,23,49,2315.27,500,-1815.27,187.85575
85,2020,2,25,66,2795.98,600,-2195.98,236.444
33,2020,2,17,32,1479.8,500,-979.8,120.71425
9,2020,2,20,61,2708.99,500,-2208.99,224.99925
28,2020,2,29,60,2723.18,600,-2123.18,197.4465
170,2020,2,21,45,1912.23,500,-1412.23,143.7995
91,2020,2,29,65,2814.49,1000,-1814.49,228.3465
164,2020,2,24,51,2285.09,500,-1785.09,159.8805
118,2020,2,29,70,3374.31,600,-2774.31,258.26425
156,2020,2,17,45,2046.04,600,-1446.04,163.7775
129,2020,2,24,56,2556.16,800,-1756.16,188.64925
119,2020,2,24,50,2200.95,500,-1700.95,174.04
30,2020,2,27,55,2540.43,1000,-1540.43,186.36825
74,2020,2,21,49,2347.64,600,-1747.64,178.21125
197,2020,2,20,53,2541.67,500,-2041.67,182.517
111,2020,2,17,42,1869.81,800,-1069.81,151.40625
182,2020,2,20,42,1918.03,800,-1118.03,159.76375
80,2020,2,28,58,2675.65,1000,-1675.65,199.7395
188,2020,2,15,29,1352.59,800,-552.59,96.8205
26,2020,2,27,64,2810.96,1000,-1810.96,204.44075
29,2020,2,23,49,2055.19,800,-1255.19,166.23375
6,2020,2,26,68,3376.54,600,-2776.54,265.938
103,2020,2,23,48,2124.16,800,-1324.16,157.27325
149,2020,2,20,51,2249.94,600,-1649.94,195.56975
172,2020,2,23,52,2338.09,600,-1738.09,171.54225
109,2020,2,12,28,1336.38,800,-536.38,112.687
83,2020,2,14,32,1397.5,600,-797.5,122.38475
112,2020,2,25,67,2873,1000,-1873,227.063
93,2020,2,22,45,2033,600,-1433,171.3005
87,2020,2,19,46,2172.37,600,-1572.37,153.922
105,2020,2,18,43,1804.58,1000,-804.58,133.93375
25,2020,2,19,40,1779.94,600,-1179.94,130.8385
1,2020,2,16,38,1588.05,1000,-588.05,110.53225
81,2020,2,18,49,2130.51,500,-1630.51,173.95875
158,2020,2,24,55,2559.83,1000,-1559.83,194.341
64,2020,2,24,52,2216.9,600,-1616.9,171.545
131,2020,2,21,45,2169.84,1000,-1169.84,167.35
35,2020,2,20,54,2083.72,1000,-1083.72,175.45775
106,2020,2,19,34,1479.9,1000,-479.9,111.53
135,2020,2,20,49,2224.3,1000,-1224.3,161.31625
181,2020,2,21,45,1992.94,600,-1392.94,161.89125
8,2020,2,35,84,3591.21,600,-2991.21,278.67225
79,2020,2,19,39,1718.9,600,-1118.9,124.75775
102,2020,2,23,51,2338.69,1000,-1338.69,152.776
159,2020,2,24,59,2820.5,800,-2020.5,227.11075
65,2020,2,28,64,3008.79,1000,-2008.79,215.26225
110,2020,2,18,40,1750.32,800,-950.32,131.387
114,2020,2,25,60,2651.05,1000,-1651.05,202.75275
98,2020,2,22,44,1938.6,800,-1138.6,162.4495
44,2020,2,23,45,1798.42,600,-1198.42,119.86325
41,2020,2,19,51,2468.97,500,-1968.97,193.22375
66,2020,2,24,55,2262.82,800,-1462.82,181.095
60,2020,2,27,69,3225.67,800,-2425.67,241.546
39,2020,2,25,52,2349.43,800,-1549.43,183.6485
32,2020,2,25,61,2655.27,500,-2155.27,194.711
165,2020,2,15,35,1468.36,1000,-468.36,107.03825
70,2020,2,27,60,2851.81,500,-2351.81,223.901
121,2020,2,23,45,1767.95,800,-967.95,132.1915
101,2020,2,28,58,2425.09,500,-1925.09,191.75775
180,2020,2,20,49,2195.48,1000,-1195.48,151.53425
155,2020,2,25,53,2157.84,600,-1557.84,157.162
148,2020,2,30,62,2677.77,1000,-1677.77,202.33975
116,2020,2,23,52,2409.15,500,-1909.15,172.0055
13,2020,2,28,64,2875.62,1000,-1875.62,237.1625
123,2020,2,26,66,3170.32,600,-2570.32,251.279
20,2020,2,18,32,1528.86,800,-728.86,113.0955
194,2020,2,19,46,1942.89,800,-1142.89,143.7715
184,2020,2,26,53,2578.28,500,-2078.28,195.309
151,2020,2,25,57,2322.56,500,-1822.56,161.201
168,2020,2,29,64,2752.9,800,-1952.9,220.48175
52,2020,2,17,40,1971.39,800,-1171.39,148.559
92,2020,2,26,56,2230.64,500,-1730.64,184.93575
40,2020,2,21,47,2098.43,600,-1498.43,174.924
61,2020,2,27,62,2816.26,600,-2216.26,207.342
166,2020,2,19,35,1446.93,500,-946.93,106.313
134,2020,2,23,48,2125.67,600,-1525.67,176.694
23,2020,2,21,46,2164.22,800,-1364.22,173.121
186,2020,2,27,72,3128.68,600,-2528.68,236.33575
152,2020,2,23,44,1945.74,600,-1345.74,143.02475
36,2020,2,27,59,2520.11,600,-1920.11,159.8655
171,2020,2,31,67,3296.98,600,-2696.98,253.02825
56,2020,2,18,36,1526.03,500,-1026.03,118.81075
90,2020,2,25,56,2523.52,800,-1723.52,203.31825
34,2020,2,14,37,1620.22,800,-820.22,125.31075
46,2020,2,22,57,2593.81,1000,-1593.81,171.17225
173,2020,2,24,57,2696.97,1000,-1696.97,200.8065
57,2020,2,25,59,2760.83,500,-2260.83,220.51725
15,2020,2,16,34,1525.43,500,-1025.43,116.2645
190,2020,2,26,61,2736.26,1000,-1736.26,208.454
146,2020,2,24,52,2232.27,600,-1632.27,164.56625
11,2020,2,21,41,1988.35,600,-1388.35,151.139
185,2020,2,24,49,2176.85,500,-1676.85,165.85575
145,2020,2,27,64,2878.31,600,-2278.31,230.89925
62,2020,2,22,49,2297.6,500,-1797.6,176.843
86,2020,2,24,49,2095.96,800,-1295.96,180.6445
169,2020,2,18,41,1789.88,500,-1289.88,130.10875
47,2020,3,23,51,2401.99,500,-1901.99,183.57225
126,2020,3,24,58,2467.47,1000,-1467.47,185.371
68,2020,3,27,64,2915.54,1000,-1915.54,203.1645
53,2020,3,23,58,2384.26,1000,-1384.26,188.382
115,2020,3,30,67,3099.24,600,-2499.24,236.73375
193,2020,3,30,65,3004.88,500,-2504.88,241.314
192,2020,3,24,48,2050.24,1000,-1050.24,159.9165
19,2020,3,24,55,2438.26,1000,-1438.26,181.46375
176,2020,3,23,50,2173.64,600,-1573.64,158.33825
130,2020,3,30,73,3269.14,1000,-2269.14,257.458
84,2020,3,23,59,2676.85,500,-2176.85,213.8565
195,2020,3,28,72,3288.51,800,-2488.51,260.42075
191,2020,3,19,36,1708.46,800,-908.46,144.9655
77,2020,3,35,77,3510.02,600,-2910.02,279.17075
133,2020,3,17,40,1480.03,800,-680.03,111.033
67,2020,3,25,59,2558.96,600,-1958.96,202.18675
2,2020,3,19,45,2139.9,500,-1639.9,162.58
69,2020,3,28,64,2843.88,1000,-1843.88,227.057
82,2020,3,28,58,2679.18,1000,-1679.18,215.1745
177,2020,3,34,68,3026.73,500,-2526.73,220.5455
174,2020,3,27,64,2893.02,600,-2293.02,222.24125
7,2020,3,37,90,3720.9,500,-3220.9,292.926
58,2020,3,24,60,2872,800,-2072,235.2355
132,2020,3,30,61,2576.85,800,-1776.85,203.29425
162,2020,3,33,74,3331.43,800,-2531.43,262.21625
128,2020,3,31,72,3260.55,800,-2460.55,238.63625
59,2020,3,30,62,2923.13,1000,-1923.13,245.8215
22,2020,3,27,62,2791.66,1000,-1791.66,197.43175
198,2020,3,24,60,2772.9,800,-1972.9,205.876
196,2020,3,22,48,2125.01,500,-1625.01,160.4225
140,2020,3,24,53,2345.29,600,-1745.29,191.65225
150,2020,3,21,48,2134.52,800,-1334.52,167.8805
161,2020,3,23,55,2717.47,500,-2217.47,208.85275
37,2020,3,28,68,2928.97,800,-2128.97,225.81325
18,2020,3,21,49,2410.16,800,-1610.16,179.66125
78,2020,3,31,57,2592.98,500,-2092.98,180.12125
100,2020,3,25,57,2546.02,600,-1946.02,196.6685
117,2020,3,27,62,2556.47,500,-2056.47,217.83675
27,2020,3,23,59,2679.34,1000,-1679.34,213.539
199,2020,3,33,66,2997.04,500,-2497.04,237.348
143,2020,3,29,62,2713.8,800,-1913.8,203.5065
51,2020,3,28,59,2566.78,500,-2066.78,187.0135
142,2020,3,29,80,3589.66,600,-2989.66,277.21975
113,2020,3,42,98,4447.38,1000,-3447.38,346.53625
96,2020,3,19,41,1590.54,800,-790.54,117.3655
147,2020,3,33,73,3071.93,500,-2571.93,248.503
153,2020,3,26,50,2045.94,500,-1545.94,155.90875
48,2020,3,31,66,2930.88,600,-2330.88,205.4585
160,2020,3,31,47,2156.26,800,-1356.26,171.57875
50,2020,3,24,44,1894.32,600,-1294.32,159.64675
76,2020,3,25,52,2197.61,500,-1697.61,169.76525
73,2020,3,17,41,1953.11,600,-1353.11,131.27
88,2020,3,24,53,2222.42,1000,-1222.42,182.57725
144,2020,3,27,50,2428.87,600,-1828.87,190.26075
167,2020,3,29,64,2567.38,500,-2067.38,207.7895
97,2020,3,30,71,2995.75,800,-2195.75,200.72025
104,2020,3,38,77,3417.56,1000,-2417.56,268.88775
71,2020,3,22,38,1333.6,500,-833.6,104.0495
21,2020,3,28,56,2624.43,600,-2024.43,200.25425
31,2020,3,28,63,2578.37,1000,-1578.37,201.90425
14,2020,3,41,90,3573.93,600,-2973.93,262.529
12,2020,3,18,34,1465.3,500,-965.3,115.4505
187,2020,3,23,54,2577.51,1000,-1577.51,214.31825
94,2020,3,33,81,3799.04,600,-3199.04,298.21575
138,2020,3,22,47,2179.05,600,-1579.05,173.02925
183,2020,3,37,90,3748.21,500,-3248.21,294.42775
89,2020,3,25,58,2657.1,500,-2157.1,204.8945
3,2020,3,33,84,3887.74,500,-3387.74,312.23825
122,2020,3,17,38,1686.02,800,-886.02,123.36
141,2020,3,22,50,2273.02,500,-1773.02,166.3305
108,2020,3,34,78,3226.86,800,-2426.86,250.57325
43,2020,3,27,59,2612.82,600,-2012.82,215.39775
42,2020,3,34,86,3614.4,1000,-2614.4,268.90125
200,2020,3,24,54,2457.99,600,-1857.99,212.32875
139,2020,3,31,68,3010.11,800,-2210.11,238.7275
127,2020,3,28,58,2784.31,800,-1984.31,215.3225
38,2020,3,29,64,2750.69,600,-2150.69,213.06225
107,2020,3,26,57,2539.5,1000,-1539.5,215.18375
17,2020,3,25,56,2509.93,500,-2009.93,197.53675
4,2020,3,33,72,3615.13,600,-3015.13,271.46475
16,2020,3,25,60,2527.89,500,-2027.89,217.4775
95,2020,3,23,49,2326.88,600,-1726.88,156.96875
55,2020,3,31,60,2657.16,500,-2157.16,206.35975
120,2020,3,32,72,3362.12,800,-2562.12,281.06975
179,2020,3,32,83,3769.18,500,-3269.18,276.90825
99,2020,3,19,45,1972.33,500,-1472.33,144.85
54,2020,3,30,70,3265.31,800,-2465.31,248.47725
75,2020,3,29,77,3431.03,800,-2631.03,252.43425
125,2020,3,24,49,2261.02,500,-1761.02,161.921
10,2020,3,30,60,2726.78,600,-2126.78,193.81525
124,2020,3,37,74,3461.01,1000,-2461.01,264.563
163,2020,3,15,40,1711.24,500,-1211.24,141.823
189,2020,3,24,57,2396.82,500,-1896.82,204.75925
136,2020,3,38,83,3616.44,500,-3116.44,280.90175
72,2020,3,25,57,2751.24,600,-2151.24,224.083
45,2020,3,28,70,3021.35,800,-2221.35,244.95325
49,2020,3,25,59,2671.98,800,-1871.98,199.40075
137,2020,3,22,54,2378.16,800,-1578.16,186.81025
175,2020,3,24,52,2309.31,1000,-1309.31,170.76
157,2020,3,43,110,4953.46,1000,-3953.46,367.205
154,2020,3,17,41,1726.18,1000,-726.18,122.07
24,2020,3,22,49,2195.97,500,-1695.97,161.70475
63,2020,3,27,66,3144.53,500,-2644.53,234.2965
178,2020,3,31,64,2950.64,500,-2450.64,241.438
5,2020,3,22,51,2292.07,500,-1792.07,166.9665
85,2020,3,31,70,3164.72,600,-2564.72,259.93725
33,2020,3,24,57,2501.49,500,-2001.49,193.1255
9,2020,3,24,57,2579.49,500,-2079.49,198.58025
28,2020,3,25,61,2812.16,600,-2212.16,200.88
170,2020,3,32,81,3620.93,500,-3120.93,242.67175
91,2020,3,13,30,1314.34,1000,-314.34,95.4195
164,2020,3,33,68,2989.6,500,-2489.6,234.55975
118,2020,3,34,84,3748.11,600,-3148.11,293.546
156,2020,3,40,103,4825.79,600,-4225.79,390.8125
129,2020,3,34,80,3541.44,800,-2741.44,280.5205
119,2020,3,28,65,2939.34,500,-2439.34,206.66025
30,2020,3,28,72,2915.86,1000,-1915.86,205.3125
74,2020,3,30,72,3268.3,600,-2668.3,255.606
197,2020,3,35,83,3738.21,500,-3238.21,281.19
111,2020,3,28,72,2998.34,800,-2198.34,236.45625
80,2020,3,32,87,3758,1000,-2758,306.691
182,2020,3,33,77,3431.94,800,-2631.94,243.1725
188,2020,3,27,56,2530.23,800,-1730.23,198.07875
29,2020,3,29,58,2377.51,800,-1577.51,184.3305
26,2020,3,28,66,2920.3,1000,-1920.3,199.96525
6,2020,3,29,67,3125.67,600,-2525.67,248.908
103,2020,3,38,76,3375.04,800,-2575.04,257.5005
149,2020,3,25,44,1997.84,600,-1397.84,152.86925
172,2020,3,20,40,1789.49,600,-1189.49,129.91125
109,2020,3,36,82,3810.9,800,-3010.9,277.8615
83,2020,3,27,65,2908.86,600,-2308.86,212.932
112,2020,3,31,72,2987.06,1000,-1987.06,224.7245
93,2020,3,27,49,1979.47,600,-1379.47,151.48775
87,2020,3,32,78,3555.89,600,-2955.89,296.113
105,2020,3,24,52,2428.26,1000,-1428.26,168.63275
25,2020,3,32,58,2631.95,600,-2031.95,205.09325
1,2020,3,27,55,2306.92,1000,-1306.92,181.74125
81,2020,3,33,73,3069.68,500,-2569.68,215.70625
158,2020,3,22,45,1986.28,1000,-986.28,134.89975
64,2020,3,28,63,2820.45,600,-2220.45,228.96675
131,2020,3,26,62,2881.48,1000,-1881.48,243.1615
35,2020,3,32,73,3322.85,1000,-2322.85,251.4005
106,2020,3,18,35,1468.23,1000,-468.23,114.66325
135,2020,3,31,73,3390.34,1000,-2390.34,257.51425
8,2020,3,24,67,2759.85,600,-2159.85,197.64825
181,2020,3,30,66,2787.35,600,-2187.35,209.213
79,2020,3,36,91,4111.35,600,-3511.35,298.3305
102,2020,3,24,53,2425.7,1000,-1425.7,200.656
159,2020,3,33,70,3200.01,800,-2400.01,233.0285
65,2020,3,30,76,3318.58,1000,-2318.58,264.83825
110,2020,3,29,69,3465.62,800,-2665.62,262.7495
114,2020,3,28,64,2986.37,1000,-1986.37,216.028
98,2020,3,28,62,2847.74,800,-2047.74,199.9225
44,2020,3,17,41,1932.35,600,-1332.35,146.3895
41,2020,3,28,64,3029.6,500,-2529.6,231.1345
66,2020,3,27,61,2779.82,800,-1979.82,207.7365
60,2020,3,32,81,3392.92,800,-2592.92,283.886
39,2020,3,23,51,2300.83,800,-1500.83,170.3725
32,2020,3,22,48,1974.77,500,-1474.77,146.49575
165,2020,3,37,77,3393.61,1000,-2393.61,261.78025
70,2020,3,27,53,2111.79,500,-1611.79,154.91775
121,2020,3,29,76,3595.82,800,-2795.82,289.00925
101,2020,3,28,70,2832.67,500,-2332.67,195.574
180,2020,3,21,60,2837.06,1000,-1837.06,236.06025
148,2020,3,37,75,3223.2,1000,-2223.2,267.919
155,2020,3,27,57,2693.88,600,-2093.88,211.85625
116,2020,3,25,61,3008.46,500,-2508.46,219.2995
13,2020,3,19,49,2151.83,1000,-1151.83,161.311
123,2020,3,32,80,3677.27,600,-3077.27,272.074
20,2020,3,31,75,3564.67,800,-2764.67,258.53575
194,2020,3,39,82,3836.99,800,-3036.99,295.354
184,2020,3,33,86,3767.46,500,-3267.46,283.673
151,2020,3,37,90,3728.36,500,-3228.36,273.07075
168,2020,3,34,75,3388.02,800,-2588.02,260.495
52,2020,3,29,61,2675.38,800,-1875.38,208.73
92,2020,3,33,65,3109.89,500,-2609.89,254.31525
40,2020,3,23,58,2730.2,600,-2130.2,228.03525
61,2020,3,28,71,3246.51,600,-2646.51,233.79875
166,2020,3,29,59,2761.52,500,-2261.52,218.98775
134,2020,3,33,63,2946.69,600,-2346.69,227.56
23,2020,3,31,70,3054.27,800,-2254.27,238.50425
152,2020,3,32,64,2462.79,600,-1862.79,189.6325
186,2020,3,20,45,2038.08,600,-1438.08,158.16325
36,2020,3,26,66,2854.62,600,-2254.62,197.78775
171,2020,3,25,57,2419.65,600,-1819.65,174.472
56,2020,3,33,74,3352.62,500,-2852.62,258.68425
90,2020,3,23,52,2178.31,800,-1378.31,152.95225
34,2020,3,28,69,2875.9,800,-2075.9,222.27825
46,2020,3,23,56,2817.02,1000,-1817.02,201.21625
173,2020,3,29,56,2585.34,1000,-1585.34,197.3595
57,2020,3,23,48,2066.02,500,-1566.02,164.99
15,2020,3,34,67,3009.64,500,-2509.64,234.52225
190,2020,3,26,62,2798.92,1000,-1798.92,221.671
146,2020,3,20,42,1749.23,600,-1149.23,131.315
11,2020,3,22,52,2269.76,600,-1669.76,163.27075
185,2020,3,27,63,2827.29,500,-2327.29,198.56625
145,2020,3,26,54,2362.26,600,-1762.26,192.21375
62,2020,3,24,51,2244.26,500,-1744.26,174.247
169,2020,3,23,46,2185.11,500,-1685.11,167.41425
86,2020,3,33,76,3399.2,800,-2599.2,251.74625
47,2020,4,28,64,2569.2,500,-2069.2,189.9015
126,2020,4,25,66,2998.62,1000,-1998.62,234.245
68,2020,4,23,50,2353.73,1000,-1353.73,177.21675
193,2020,4,28,62,2968.76,500,-2468.76,205.0655
53,2020,4,25,64,2721.39,1000,-1721.39,219.77425
115,2020,4,22,58,2619.1,600,-2019.1,208.44125
192,2020,4,25,69,2934.94,1000,-1934.94,247.1575
19,2020,4,29,62,2931.25,1000,-1931.25,231.65525
176,2020,4,32,72,3162.27,600,-2562.27,244.70725
130,2020,4,29,74,3531.17,1000,-2531.17,279.13725
195,2020,4,30,67,3372.91,800,-2572.91,263.85025
84,2020,4,21,51,2412.94,500,-1912.94,194.9505
191,2020,4,25,59,2911.69,800,-2111.69,227.841
77,2020,4,23,55,2413.69,600,-1813.69,179.818
133,2020,4,21,50,2121.76,800,-1321.76,149.27225
67,2020,4,21,52,2222.91,600,-1622.91,151.58725
2,2020,4,30,64,2925.99,500,-2425.99,238.1835
69,2020,4,20,56,2445.62,1000,-1445.62,188.5945
82,2020,4,19,41,1897.4,1000,-897.4,146.93125
174,2020,4,27,53,2252.39,600,-1652.39,193.77575
177,2020,4,23,56,2471.32,500,-1971.32,169.942
7,2020,4,21,45,2008.03,500,-1508.03,160.58275
58,2020,4,31,66,2906.36,800,-2106.36,226.694
132,2020,4,27,61,2845.93,800,-2045.93,208.1035
162,2020,4,21,54,2270.04,800,-1470.04,181.576
128,2020,4,21,45,2320.23,800,-1520.23,180.01225
59,2020,4,30,53,2498.38,1000,-1498.38,193.3805
22,2020,4,25,52,2135.37,1000,-1135.37,154.46175
198,2020,4,23,52,2369.73,800,-1569.73,180.1805
196,2020,4,26,61,2641,500,-2141,202.6545
140,2020,4,16,37,1604.98,600,-1004.98,119.09625
150,2020,4,25,61,2583.39,800,-1783.39,195.2045
37,2020,4,22,50,2370.84,800,-1570.84,173.64
161,2020,4,35,98,4607.84,500,-4107.84,348.53125
18,2020,4,28,66,2737.65,800,-1937.65,212.84675
78,2020,4,28,69,3051,500,-2551,228.93375
100,2020,4,24,46,2135.14,600,-1535.14,156.07
117,2020,4,20,39,1827.4,500,-1327.4,150.368
27,2020,4,29,77,3408.58,1000,-2408.58,253.342
199,2020,4,30,63,2832.1,500,-2332.1,201.42025
143,2020,4,29,70,3023.11,800,-2223.11,232.23025
51,2020,4,24,65,3131.12,500,-2631.12,221.793
142,2020,4,20,50,2389.72,600,-1789.72,186.14225
113,2020,4,24,54,2548.78,1000,-1548.78,203.1805
96,2020,4,23,50,2066.05,800,-1266.05,164.2255
147,2020,4,29,65,2724.89,500,-2224.89,227.3495
153,2020,4,25,63,2699.14,500,-2199.14,213.92775
48,2020,4,19,42,2357.95,600,-1757.95,186.423
160,2020,4,25,56,2341.2,800,-1541.2,173.07975
50,2020,4,15,42,1878.63,600,-1278.63,149.01775
73,2020,4,27,62,2680.25,600,-2080.25,189.122
76,2020,4,23,65,3002.5,500,-2502.5,235.18
88,2020,4,26,57,2440.18,1000,-1440.18,210.64575
144,2020,4,31,58,2302.91,600,-1702.91,193.11475
167,2020,4,31,73,3107.98,500,-2607.98,240.754
97,2020,4,24,61,2710.5,800,-1910.5,190.62725
104,2020,4,21,47,1972.12,1000,-972.12,147.339
71,2020,4,25,57,2490.27,500,-1990.27,198.67425
21,2020,4,30,72,3415.26,600,-2815.26,247.391
31,2020,4,29,75,3464.1,1000,-2464.1,243.3385
14,2020,4,35,90,4008.89,600,-3408.89,300.5385
12,2020,4,16,29,1277.97,500,-777.97,105.98675
187,2020,4,27,53,2336.9,1000,-1336.9,185.7755
94,2020,4,22,44,1980.83,600,-1380.83,148.00625
138,2020,4,26,55,2437.47,600,-1837.47,199.4005
183,2020,4,33,67,2906.71,500,-2406.71,217.62925
89,2020,4,20,49,2243.04,500,-1743.04,175.44025
3,2020,4,27,59,2367.04,500,-1867.04,199.35525
122,2020,4,19,37,1636.91,800,-836.91,133.12525
108,2020,4,20,39,1902.31,800,-1102.31,138.566
141,2020,4,28,52,2275.59,500,-1775.59,193.01875
43,2020,4,29,61,2578.97,600,-1978.97,200.6625
42,2020,4,24,59,2579.52,1000,-1579.52,197.42275
200,2020,4,19,42,1776.07,600,-1176.07,140.60675
139,2020,4,21,50,2049.56,800,-1249.56,159.585
127,2020,4,23,47,2293.22,800,-1493.22,173.0245
38,2020,4,32,73,3395.46,600,-2795.46,253.36375
17,2020,4,18,38,1639.01,500,-1139.01,119.621
107,2020,4,27,68,3121.03,1000,-2121.03,263.36675
4,2020,4,15,30,1428.72,600,-828.72,104.5615
16,2020,4,33,65,2967.02,500,-2467.02,217.9715
95,2020,4,22,45,1935.93,600,-1335.93,156.88775
55,2020,4,29,66,2754.1,500,-2254.1,218.7915
120,2020,4,27,66,2904.15,800,-2104.15,232.04325
179,2020,4,25,63,2907.13,500,-2407.13,223.685
99,2020,4,23,50,2494.22,500,-1994.22,191.4685
54,2020,4,21,46,2104.02,800,-1304.02,142.772
75,2020,4,30,62,2878.42,800,-2078.42,223.92925
125,2020,4,28,68,2913.36,500,-2413.36,212.17975
10,2020,4,28,66,3019.33,600,-2419.33,241.42925
124,2020,4,15,32,1224.83,1000,-224.83,98.2005
163,2020,4,15,37,1594.31,500,-1094.31,106.77575
189,2020,4,45,105,4546.39,500,-4046.39,373.60125
136,2020,4,28,61,2772.74,500,-2272.74,218.78325
72,2020,4,23,47,2219.11,600,-1619.11,173.48275
45,2020,4,30,70,3066.27,800,-2266.27,224.40525
49,2020,4,26,59,2203.89,800,-1403.89,181.83075
137,2020,4,24,53,2488.34,800,-1688.34,205.57175
175,2020,4,23,42,1740.05,1000,-740.05,128.484
154,2020,4,27,74,3298.01,1000,-2298.01,247.5645
24,2020,4,28,68,2958.15,500,-2458.15,218.081
157,2020,4,23,54,2402.55,1000,-1402.55,180.14025
178,2020,4,25,53,2539.22,500,-2039.22,202.005
63,2020,4,31,77,3490.03,500,-2990.03,260.4205
5,2020,4,20,46,2236.99,500,-1736.99,167.318
33,2020,4,27,52,2175.48,500,-1675.48,153.08275
85,2020,4,25,50,2127.2,600,-1527.2,156.64725
9,2020,4,21,50,2251.68,500,-1751.68,164.55175
28,2020,4,24,44,1987.63,600,-1387.63,153.8915
170,2020,4,30,60,2578.49,500,-2078.49,186.578
91,2020,4,19,47,2248.74,1000,-1248.74,184.33025
118,2020,4,34,70,3136.49,600,-2536.49,266.90825
164,2020,4,25,59,2746.27,500,-2246.27,201.669
156,2020,4,17,42,2045.05,600,-1445.05,168.99475
129,2020,4,23,52,2382.11,800,-1582.11,185.407
119,2020,4,28,67,2970.3,500,-2470.3,231.13825
30,2020,4,30,64,2759.68,1000,-1759.68,210.13525
74,2020,4,22,55,2452.93,600,-1852.93,176.4795
197,2020,4,29,70,2895.32,500,-2395.32,206.46175
111,2020,4,33,72,3419.95,800,-2619.95,266.24475
182,2020,4,24,51,2510.28,800,-1710.28,201.23625
80,2020,4,22,50,2161.42,1000,-1161.42,174.7215
188,2020,4,28,48,2204.3,800,-1404.3,171.354
26,2020,4,27,71,3028.35,1000,-2028.35,232.24525
29,2020,4,19,41,1658.25,800,-858.25,107.43275
6,2020,4,36,96,4367.96,600,-3767.96,356.203
103,2020,4,19,41,1926.28,800,-1126.28,146.817
172,2020,4,26,57,2394.47,600,-1794.47,184.50775
149,2020,4,25,58,2796.77,600,-2196.77,211.597
109,2020,4,17,42,1770.91,800,-970.91,147.4555
83,2020,4,29,61,2849.13,600,-2249.13,218.60225
112,2020,4,32,85,3872.33,1000,-2872.33,308.87425
93,2020,4,24,58,2684.61,600,-2084.61,192.89125
87,2020,4,28,69,3159.22,600,-2559.22,239.69775
105,2020,4,25,52,2180.62,1000,-1180.62,173.02
25,2020,4,17,31,1302.25,600,-702.25,97.477
1,2020,4,20,41,1702.69,1000,-702.69,129.51425
81,2020,4,23,57,2419.5,500,-1919.5,184.69275
158,2020,4,26,66,2712,1000,-1712,182.743
64,2020,4,22,53,2491.22,600,-1891.22,198.48575
35,2020,4,20,43,1829.71,1000,-829.71,132.4565
131,2020,4,26,51,2365.32,1000,-1365.32,201.803
106,2020,4,14,27,1353.58,1000,-353.58,99.6645
135,2020,4,25,57,2612.19,1000,-1612.19,196.97025
8,2020,4,18,40,1779.52,600,-1179.52,131.26775
181,2020,4,24,53,2424.93,600,-1824.93,172.6325
79,2020,4,26,66,2719.25,600,-2119.25,183.42525
102,2020,4,31,70,3038.71,1000,-2038.71,219.085
159,2020,4,25,60,2563.28,800,-1763.28,215.63175
65,2020,4,29,71,3364.88,1000,-2364.88,262.85825
110,2020,4,21,59,2854.99,800,-2054.99,219.81225
114,2020,4,22,48,2308.89,1000,-1308.89,188.706
98,2020,4,29,67,2967.3,800,-2167.3,240.34675
44,2020,4,23,43,2046.35,600,-1446.35,151.56825
41,2020,4,27,58,2745.72,500,-2245.72,212.37275
66,2020,4,22,52,2317.85,800,-1517.85,186.75025
60,2020,4,29,64,2696.67,800,-1896.67,194.5255
39,2020,4,25,61,2764.61,800,-1964.61,199.51625
32,2020,4,26,60,2675.38,500,-2175.38,218.1025
165,2020,4,29,74,3262.71,1000,-2262.71,247.42375
70,2020,4,15,27,1325.58,500,-825.58,103.6995
121,2020,4,25,54,2408.38,800,-1608.38,191.62275
101,2020,4,20,43,1982.06,500,-1482.06,133.107
180,2020,4,33,78,3622.52,1000,-2622.52,286.448
148,2020,4,31,70,3197.23,1000,-2197.23,253.11775
155,2020,4,19,42,1853.44,600,-1253.44,143.3765
116,2020,4,18,43,1853.1,500,-1353.1,138.334
13,2020,4,20,49,2016.72,1000,-1016.72,157.4025
123,2020,4,17,39,1652.63,600,-1052.63,116.147
20,2020,4,29,63,2932.2,800,-2132.2,241.5815
194,2020,4,29,69,3234.59,800,-2434.59,256.04525
184,2020,4,17,35,1489.94,500,-989.94,110.16825
151,2020,4,19,45,2181.52,500,-1681.52,163.28975
168,2020,4,29,64,2705.95,800,-1905.95,211.29225
52,2020,4,28,61,3065.83,800,-2265.83,258.735
92,2020,4,24,49,2270.75,500,-1770.75,170.562
40,2020,4,29,70,3031.16,600,-2431.16,247.27375
61,2020,4,28,65,3051.89,600,-2451.89,231.5435
166,2020,4,20,38,1717.82,500,-1217.82,137.924
134,2020,4,31,67,3216.34,600,-2616.34,236.48075
23,2020,4,23,63,2867.98,800,-2067.98,211.34
186,2020,4,27,52,2489.17,600,-1889.17,200.42175
152,2020,4,18,38,1715.16,600,-1115.16,125.40975
36,2020,4,27,59,2517.12,600,-1917.12,184.17275
171,2020,4,26,59,2781.7,600,-2181.7,209.389
56,2020,4,16,39,1677.6,500,-1177.6,118.289
90,2020,4,21,56,2495.08,800,-1695.08,172.69725
34,2020,4,27,71,3324.13,800,-2524.13,254.71575
46,2020,4,28,59,2427.74,1000,-1427.74,184.13225
173,2020,4,24,59,2485.06,1000,-1485.06,184.02725
15,2020,4,25,56,2449.6,500,-1949.6,182.3205
57,2020,4,28,56,2401.58,500,-1901.58,201.60225
190,2020,4,20,39,1663.09,1000,-663.09,126.7085
146,2020,4,21,42,1884.97,600,-1284.97,135.01625
11,2020,4,31,74,3413.86,600,-2813.86,264.55975
185,2020,4,21,50,2245.6,500,-1745.6,160.9415
145,2020,4,21,53,2536.37,600,-1936.37,202.79
62,2020,4,20,44,2198.38,500,-1698.38,161.5875
86,2020,4,27,64,3026.9,800,-2226.9,234.19775
169,2020,4,25,55,2437.61,500,-1937.61,187.959
47,2020,5,18,50,2090.13,500,-1590.13,184.3555
126,2020,5,35,80,3735.16,1000,-2735.16,276.98275
68,2020,5,22,56,2592.75,1000,-1592.75,198.0185
115,2020,5,18,39,1889.93,600,-1289.93,137.95575
53,2020,5,21,38,1601.04,1000,-601.04,114.0965
193,2020,5,18,40,1866.66,500,-1366.66,157.12525
192,2020,5,21,53,2436.13,1000,-1436.13,182.45025
19,2020,5,22,47,2162.54,1000,-1162.54,185.1835
176,2020,5,31,63,2732.3,600,-2132.3,217.25975
130,2020,5,27,66,2857.87,1000,-1857.87,232.74825
84,2020,5,29,66,3102.24,500,-2602.24,240.8355
191,2020,5,31,60,2487.92,800,-1687.92,175.6905
195,2020,5,26,52,2179.52,800,-1379.52,197.459
77,2020,5,28,79,3564.21,600,-2964.21,273.29525
133,2020,5,32,68,3197.35,800,-2397.35,254.31225
67,2020,5,20,48,2108.99,600,-1508.99,165.24625
2,2020,5,16,37,1674.45,500,-1174.45,139.1365
82,2020,5,16,37,1726.29,1000,-726.29,132.27825
69,2020,5,26,64,2658,1000,-1658,210.7985
174,2020,5,21,49,2162.01,600,-1562.01,183.575
177,2020,5,31,79,3613.23,500,-3113.23,282.7155
7,2020,5,30,80,3614.65,500,-3114.65,317.017
58,2020,5,26,73,3207.38,800,-2407.38,242.97075
132,2020,5,35,79,3421.72,800,-2621.72,251.31
162,2020,5,22,58,2631.33,800,-1831.33,217.81075
128,2020,5,26,66,3068.25,800,-2268.25,237.626
59,2020,5,24,61,3002.52,1000,-2002.52,237.8415
22,2020,5,21,49,2334.82,1000,-1334.82,175.678
198,2020,5,21,47,2226.21,800,-1426.21,186.5385
196,2020,5,28,60,2746,500,-2246,209.1435
140,2020,5,26,63,2898.2,600,-2298.2,224.00525
150,2020,5,21,40,1934.3,800,-1134.3,144.96025
37,2020,5,24,57,2511.47,800,-1711.47,185.57325
161,2020,5,20,52,2297.83,500,-1797.83,174.55875
18,2020,5,24,54,2381.8,800,-1581.8,173.669
78,2020,5,25,56,2598.61,500,-2098.61,186.52225
100,2020,5,22,50,2268.7,600,-1668.7,164.56725
117,2020,5,35,84,4164.55,500,-3664.55,294.7985
27,2020,5,24,57,2425.34,1000,-1425.34,196.028
199,2020,5,24,47,1933.86,500,-1433.86,145.3175
143,2020,5,21,44,2038.12,800,-1238.12,151.92125
51,2020,5,25,51,2227.04,500,-1727.04,167.4845
142,2020,5,22,59,2674.81,600,-2074.81,226.04675
113,2020,5,37,93,4401.43,1000,-3401.43,328.877
96,2020,5,23,57,2491.96,800,-1691.96,183.9745
147,2020,5,30,72,3308.6,500,-2808.6,263.79375
153,2020,5,22,50,2435.84,500,-1935.84,183.87
48,2020,5,23,50,2267.82,600,-1667.82,189.556
160,2020,5,30,74,3287.51,800,-2487.51,253.5
50,2020,5,27,63,3014.52,600,-2414.52,229.257
73,2020,5,34,80,3605.44,600,-3005.44,279.13275
76,2020,5,22,56,2255.98,500,-1755.98,173.98
88,2020,5,23,55,2433.35,1000,-1433.35,188.8295
144,2020,5,25,64,3029.32,600,-2429.32,228.62275
167,2020,5,26,54,2618.52,500,-2118.52,219.83325
97,2020,5,18,41,1962.83,800,-1162.83,143.647
104,2020,5,20,50,2063.71,1000,-1063.71,145.46925
71,2020,5,22,52,2337.4,500,-1837.4,173.2655
21,2020,5,26,66,2918.44,600,-2318.44,236.53325
31,2020,5,31,69,3257.39,1000,-2257.39,258.17975
14,2020,5,24,69,3251.27,600,-2651.27,249.2335
12,2020,5,29,76,3462.47,500,-2962.47,270.93525
187,2020,5,27,56,2614.26,1000,-1614.26,183.8815
94,2020,5,32,70,3264.84,600,-2664.84,242.44225
138,2020,5,25,62,2899.44,600,-2299.44,224.92375
183,2020,5,29,54,2303.77,500,-1803.77,190.12925
89,2020,5,30,72,3484.2,500,-2984.2,259.60425
3,2020,5,40,94,4246.35,500,-3746.35,311.335
122,2020,5,18,47,1980,800,-1180,152.88
141,2020,5,26,49,2345.84,500,-1845.84,192.60125
108,2020,5,34,76,3382.57,800,-2582.57,288.44675
43,2020,5,30,73,3203.91,600,-2603.91,232.38875
42,2020,5,24,57,2637.4,1000,-1637.4,200.538
200,2020,5,33,61,2859.47,600,-2259.47,209.39325
127,2020,5,25,59,2799.93,800,-1999.93,203.18575
139,2020,5,28,65,3040.6,800,-2240.6,253.897
38,2020,5,28,65,3021.53,600,-2421.53,244.387
107,2020,5,28,68,3017.34,1000,-2017.34,225.83075
17,2020,5,17,41,1592.44,500,-1092.44,112.94875
4,2020,5,27,57,2544.84,600,-1944.84,178.82875
16,2020,5,36,86,3752.72,500,-3252.72,290.589
95,2020,5,31,68,2902.81,600,-2302.81,233.853
55,2020,5,18,39,1684.37,500,-1184.37,121.712
120,2020,5,21,39,1857.17,800,-1057.17,161.4705
179,2020,5,25,53,2482.36,500,-1982.36,179.973
99,2020,5,23,51,2489.17,500,-1989.17,194.41
75,2020,5,23,44,1963.43,800,-1163.43,152.04275
54,2020,5,34,85,3903.24,800,-3103.24,290.86225
125,2020,5,20,49,2349.81,500,-1849.81,199.864
10,2020,5,24,56,2338.89,600,-1738.89,152.2435
124,2020,5,21,44,1924.95,1000,-924.95,157.953
163,2020,5,29,71,3149.19,500,-2649.19,241.333
189,2020,5,29,66,2860.6,500,-2360.6,213.01925
136,2020,5,25,65,2935.94,500,-2435.94,219.0315
72,2020,5,24,52,2352.1,600,-1752.1,194.80875
45,2020,5,24,61,2613.68,800,-1813.68,196.926
49,2020,5,29,67,2977.27,800,-2177.27,237.596
137,2020,5,22,50,2159.04,800,-1359.04,157.1705
175,2020,5,32,73,3183.03,1000,-2183.03,232.413
157,2020,5,34,86,3934.33,1000,-2934.33,294.4105
24,2020,5,34,80,3495.71,500,-2995.71,264.339
154,2020,5,26,51,2284.9,1000,-1284.9,186.468
63,2020,5,20,52,2340.32,500,-1840.32,175.252
178,2020,5,18,42,1555.35,500,-1055.35,137.29575
5,2020,5,26,63,2835.17,500,-2335.17,225.23025
85,2020,5,27,73,3352.4,600,-2752.4,264.06825
33,2020,5,29,66,3026.64,500,-2526.64,218.32
9,2020,5,36,88,4212.93,500,-3712.93,326.25675
28,2020,5,20,48,1997.5,600,-1397.5,153.32675
170,2020,5,31,80,3597.65,500,-3097.65,271.1975
91,2020,5,26,71,3012.35,1000,-2012.35,210.0005
164,2020,5,25,53,2274.42,500,-1774.42,173.15325
118,2020,5,22,52,2323.36,600,-1723.36,163.7025
156,2020,5,30,70,3083.95,600,-2483.95,238.71975
129,2020,5,30,77,3121.5,800,-2321.5,246.11275
119,2020,5,20,40,1713.02,500,-1213.02,130.204
30,2020,5,26,65,2947.31,1000,-1947.31,227.41
74,2020,5,25,53,2472.9,600,-1872.9,181.76175
197,2020,5,32,79,3483.76,500,-2983.76,255.357
111,2020,5,23,63,2965.24,800,-2165.24,260.729
80,2020,5,24,56,2442.33,1000,-1442.33,185.55
182,2020,5,31,66,3157.08,800,-2357.08,233.01775
188,2020,5,21,47,2033.49,800,-1233.49,161.8195
29,2020,5,23,51,2444.5,800,-1644.5,203.5125
26,2020,5,21,49,2598.37,1000,-1598.37,196.61
6,2020,5,31,76,3151.77,600,-2551.77,269.6165
103,2020,5,34,72,3226.75,800,-2426.75,248.73875
172,2020,5,24,48,1852.85,600,-1252.85,136.2795
149,2020,5,24,67,2849.24,600,-2249.24,191.5455
109,2020,5,36,93,4378.79,800,-3578.79,355.82
83,2020,5,30,63,2802.6,600,-2202.6,185.756
112,2020,5,37,101,4732.99,1000,-3732.99,355.99325
93,2020,5,32,69,3390.72,600,-2790.72,247.154
87,2020,5,31,77,3342.85,600,-2742.85,228.24525
25,2020,5,24,62,2653.9,600,-2053.9,208.539
105,2020,5,21,40,1908.83,1000,-908.83,144.4495
1,2020,5,23,50,2170.65,1000,-1170.65,171.55825
81,2020,5,27,65,2757.77,500,-2257.77,206.74025
158,2020,5,27,63,2961.28,1000,-1961.28,221.95875
64,2020,5,20,45,1883.93,600,-1283.93,135.04075
35,2020,5,16,41,2032.51,1000,-1032.51,169.1155
131,2020,5,22,55,2762.27,1000,-1762.27,203.83625
106,2020,5,23,57,2727.15,1000,-1727.15,199.04525
135,2020,5,31,73,3180.36,1000,-2180.36,223.0945
181,2020,5,30,69,3305.72,600,-2705.72,265.5825
8,2020,5,26,56,2527.27,600,-1927.27,193.978
79,2020,5,36,77,3260.84,600,-2660.84,233.78175
102,2020,5,20,38,1659.29,1000,-659.29,130.422
159,2020,5,26,62,2778.84,800,-1978.84,218.42425
65,2020,5,25,49,1907.68,1000,-907.68,134.794
110,2020,5,32,81,3702.33,800,-2902.33,277.94475
114,2020,5,27,63,2701.43,1000,-1701.43,227.984
98,2020,5,29,72,3564.34,800,-2764.34,273.34825
44,2020,5,34,83,3409.02,600,-2809.02,242.75825
41,2020,5,23,52,2188.75,500,-1688.75,168.8915
66,2020,5,25,60,2571.83,800,-1771.83,198.81475
60,2020,5,28,69,3205.52,800,-2405.52,232.56375
39,2020,5,18,38,1769.23,800,-969.23,138.1815
32,2020,5,33,73,3197.55,500,-2697.55,259.1255
165,2020,5,33,77,3636.48,1000,-2636.48,277.40375
70,2020,5,23,53,2240.77,500,-1740.77,174.15875
121,2020,5,26,64,2956.21,800,-2156.21,216.6405
101,2020,5,23,54,2372.43,500,-1872.43,183.64375
180,2020,5,33,63,2874.88,1000,-1874.88,215.82725
148,2020,5,25,61,2625.59,1000,-1625.59,216.901
155,2020,5,16,33,1569.21,600,-969.21,117.62775
116,2020,5,31,73,3162.61,500,-2662.61,255.46675
13,2020,5,22,53,2522.91,1000,-1522.91,196.09575
123,2020,5,35,86,3812.5,600,-3212.5,290.852
20,2020,5,19,46,2225.9,800,-1425.9,177.522
194,2020,5,26,67,3181.75,800,-2381.75,243.2655
184,2020,5,28,68,3010.84,500,-2510.84,221.22025
151,2020,5,25,60,2806.89,500,-2306.89,211.21075
168,2020,5,23,53,2380.18,800,-1580.18,162.68
52,2020,5,34,87,4091.98,800,-3291.98,310.48175
92,2020,5,17,33,1372.84,500,-872.84,111.3505
40,2020,5,27,61,2895.73,600,-2295.73,205.387
61,2020,5,14,33,1608.75,600,-1008.75,136.463
166,2020,5,27,63,3062.37,500,-2562.37,250.5465
134,2020,5,24,51,2514.91,600,-1914.91,224.82725
23,2020,5,20,37,1668.13,800,-868.13,124.061
152,2020,5,26,61,2854.36,600,-2254.36,215.9135
186,2020,5,27,62,2689.77,600,-2089.77,218.56325
36,2020,5,26,60,2674.62,600,-2074.62,218.5285
171,2020,5,22,56,2412.19,600,-1812.19,197.13025
56,2020,5,27,65,2852.09,500,-2352.09,227.87025
90,2020,5,20,45,1994.14,800,-1194.14,155.313
34,2020,5,31,65,3027.4,800,-2227.4,230.309
46,2020,5,25,56,2378.52,1000,-1378.52,190.4945
173,2020,5,28,68,2762.87,1000,-1762.87,213.412
15,2020,5,26,67,3235.88,500,-2735.88,235.5255
57,2020,5,26,57,2756.15,500,-2256.15,215.63925
146,2020,5,35,76,3654.6,600,-3054.6,297.14275
190,2020,5,18,41,1754.15,1000,-754.15,126.533
11,2020,5,21,42,1778.66,600,-1178.66,130.9915
185,2020,5,25,50,2164.15,500,-1664.15,147.20625
62,2020,5,19,53,2527.79,500,-2027.79,211.9115
145,2020,5,21,39,1742.83,600,-1142.83,144.36525
169,2020,5,23,47,2043.6,500,-1543.6,164.145
86,2020,5,31,69,3499.35,800,-2699.35,266.1195
47,2020,6,21,40,1828.5,500,-1328.5,141.52225
126,2020,6,20,54,2270.86,1000,-1270.86,169.074
68,2020,6,23,56,2356.84,1000,-1356.84,165.1245
53,2020,6,28,75,3271.44,1000,-2271.44,255.62225
193,2020,6,21,36,1660.66,500,-1160.66,137.19425
115,2020,6,23,46,2025.5,600,-1425.5,162.42875
192,2020,6,20,42,1913.74,1000,-913.74,150.953
19,2020,6,22,56,2513.64,1000,-1513.64,196.7235
176,2020,6,29,66,3149.9,600,-2549.9,257.82575
130,2020,6,25,64,2820.87,1000,-1820.87,221.0535
191,2020,6,25,50,2193.82,800,-1393.82,186.8885
195,2020,6,21,52,2320.83,800,-1520.83,172.536
84,2020,6,18,44,2236,500,-1736,182.7385
77,2020,6,25,68,2926.34,600,-2326.34,218.0095
133,2020,6,25,62,2622.94,800,-1822.94,185.865
67,2020,6,31,65,2895.98,600,-2295.98,221.86775
2,2020,6,35,86,3706.63,500,-3206.63,264.4335
82,2020,6,26,57,2527.05,1000,-1527.05,171.269
69,2020,6,33,71,2980.19,1000,-1980.19,230.64375
177,2020,6,30,66,2879.16,500,-2379.16,203.373
174,2020,6,36,80,3530.6,600,-2930.6,277.5055
7,2020,6,33,79,3516.92,500,-3016.92,285.3615
58,2020,6,13,37,1645.62,800,-845.62,127.77125
132,2020,6,26,50,2330.33,800,-1530.33,184.03225
162,2020,6,28,78,3445.61,800,-2645.61,261.042
128,2020,6,22,57,2366.75,800,-1566.75,181.021
59,2020,6,19,52,2321.93,1000,-1321.93,193.638
22,2020,6,21,48,2134.4,1000,-1134.4,157.16475
198,2020,6,26,49,2191.96,800,-1391.96,156.1815
196,2020,6,28,65,3054.13,500,-2554.13,233.97875
140,2020,6,26,57,2647.25,600,-2047.25,191.423
150,2020,6,27,73,3309.52,800,-2509.52,273.945
37,2020,6,28,67,3301.04,800,-2501.04,241.42475
161,2020,6,20,47,1906.71,500,-1406.71,160.078
18,2020,6,18,42,1850.63,800,-1050.63,143.63075
78,2020,6,27,59,2631.24,500,-2131.24,204.5115
100,2020,6,30,64,2998.63,600,-2398.63,233.75975
117,2020,6,22,53,2240.89,500,-1740.89,158.39175
27,2020,6,28,74,3515.95,1000,-2515.95,244.46025
199,2020,6,27,71,3249.92,500,-2749.92,297.69975
143,2020,6,22,51,2700.27,800,-1900.27,219.87425
51,2020,6,30,74,3261.18,500,-2761.18,257.25375
142,2020,6,17,35,1522.97,600,-922.97,112.7565
113,2020,6,27,49,2264.73,1000,-1264.73,188.698
96,2020,6,30,73,3618.03,800,-2818.03,259.83525
147,2020,6,27,73,3093.81,500,-2593.81,231.81725
153,2020,6,31,76,3473.51,500,-2973.51,269.11525
48,2020,6,31,64,3082.02,600,-2482.02,228.7785
160,2020,6,29,60,2757.53,800,-1957.53,224.60925
50,2020,6,22,67,3233.42,600,-2633.42,245.737
73,2020,6,19,36,1554.4,600,-954.4,130.5735
76,2020,6,30,64,2869.35,500,-2369.35,224.84025
88,2020,6,29,64,2904.23,1000,-1904.23,221.177
144,2020,6,28,66,2965.63,600,-2365.63,232.11725
167,2020,6,26,57,2426.3,500,-1926.3,194.258
97,2020,6,24,61,2814.98,800,-2014.98,197.68475
104,2020,6,28,61,2630.79,1000,-1630.79,191.62025
71,2020,6,23,51,2227.68,500,-1727.68,157.19925
21,2020,6,19,41,1690.09,600,-1090.09,160.1085
31,2020,6,26,62,2808.73,1000,-1808.73,213.29925
14,2020,6,27,70,3207.09,600,-2607.09,255.529
12,2020,6,34,82,3746.2,500,-3246.2,285.5255
187,2020,6,30,65,2978.66,1000,-1978.66,228.1925
94,2020,6,26,61,2564.72,600,-1964.72,182.55725
138,2020,6,30,68,2854.32,600,-2254.32,223.27075
183,2020,6,35,80,3455.06,500,-2955.06,265.504
89,2020,6,32,79,3543.57,500,-3043.57,282.25375
3,2020,6,18,48,2016.11,500,-1516.11,164.20875
122,2020,6,14,29,1239.72,800,-439.72,99.065
141,2020,6,22,53,2559.06,500,-2059.06,211.85375
108,2020,6,21,58,2308.5,800,-1508.5,180.4745
43,2020,6,31,72,3239.51,600,-2639.51,243.7165
42,2020,6,32,70,2912.86,1000,-1912.86,206.4535
200,2020,6,29,62,2984.17,600,-2384.17,248.0105
127,2020,6,27,61,2863.05,800,-2063.05,190.28025
139,2020,6,20,52,2324.95,800,-1524.95,188.1035
38,2020,6,27,59,2543.28,600,-1943.28,201.7725
107,2020,6,25,61,2840.91,1000,-1840.91,199.32675
17,2020,6,25,56,2302.53,500,-1802.53,182.77975
4,2020,6,21,46,1989.57,600,-1389.57,157.51525
16,2020,6,23,57,2725.68,500,-2225.68,216.41925
95,2020,6,24,50,2243.11,600,-1643.11,181.02875
55,2020,6,22,57,2523.47,500,-2023.47,186.6175
120,2020,6,24,55,2387.97,800,-1587.97,177.7765
179,2020,6,22,46,1987.13,500,-1487.13,158.935
99,2020,6,23,48,2285.55,500,-1785.55,169.72
75,2020,6,22,40,1567.56,800,-767.56,119.99475
54,2020,6,27,66,2866.51,800,-2066.51,223.27925
125,2020,6,26,54,2415.97,500,-1915.97,195.66575
10,2020,6,28,68,2846.1,600,-2246.1,203.4195
124,2020,6,27,53,2570.35,1000,-1570.35,204.9865
163,2020,6,21,55,2455.18,500,-1955.18,190.88475
189,2020,6,24,60,2894.98,500,-2394.98,208.11575
136,2020,6,42,92,3892.97,500,-3392.97,293.0985
72,2020,6,21,37,1592.57,600,-992.57,120.61425
45,2020,6,29,71,3149.01,800,-2349.01,255.341
49,2020,6,28,68,3324.73,800,-2524.73,249.5095
137,2020,6,22,46,2173.59,800,-1373.59,167.0095
175,2020,6,27,75,3390.72,1000,-2390.72,246.7855
157,2020,6,27,62,2694.55,1000,-1694.55,218.10125
154,2020,6,22,40,1931.66,1000,-931.66,143.99175
24,2020,6,19,37,1661.92,500,-1161.92,130.118
63,2020,6,23,54,2609.74,500,-2109.74,196.32575
178,2020,6,29,58,2465.06,500,-1965.06,181.17175
5,2020,6,29,62,2973.44,500,-2473.44,221.14525
85,2020,6,24,67,3094.17,600,-2494.17,242.43
33,2020,6,21,58,2610.98,500,-2110.98,201.5435
9,2020,6,29,59,2767.75,500,-2267.75,219.04075
28,2020,6,24,45,2016.73,600,-1416.73,158.10975
170,2020,6,21,49,2179.47,500,-1679.47,169.144
91,2020,6,27,51,2202.51,1000,-1202.51,176.6965
164,2020,6,24,54,2483.71,500,-1983.71,193.51725
118,2020,6,19,40,1718.47,600,-1118.47,134.6805
156,2020,6,30,68,3123.2,600,-2523.2,241.839
129,2020,6,29,64,2915.42,800,-2115.42,215.30975
119,2020,6,30,58,2653.08,500,-2153.08,199.26075
30,2020,6,10,19,764.87,1000,235.13,47.9625
74,2020,6,25,55,2623.5,600,-2023.5,212.1405
197,2020,6,29,64,3022.91,500,-2522.91,223.809
111,2020,6,23,48,2116.82,800,-1316.82,167.29425
80,2020,6,25,56,2230.89,1000,-1230.89,193.3165
182,2020,6,28,74,3015.01,800,-2215.01,217.50275
188,2020,6,31,65,2925.42,800,-2125.42,240.7255
29,2020,6,32,82,3837.79,800,-3037.79,289.35125
26,2020,6,27,66,3129.97,1000,-2129.97,236.072
6,2020,6,23,47,2074.11,600,-1474.11,161.70275
103,2020,6,29,56,2423.48,800,-1623.48,169.203
172,2020,6,24,58,2636.22,600,-2036.22,180.60675
149,2020,6,29,66,2946.05,600,-2346.05,242.656
109,2020,6,26,66,3133.05,800,-2333.05,242.07925
83,2020,6,37,75,3302.12,600,-2702.12,263.988
112,2020,6,30,73,3357.17,1000,-2357.17,268.08975
93,2020,6,20,45,1967.31,600,-1367.31,148.6095
87,2020,6,23,50,2489.39,600,-1889.39,186.83875
25,2020,6,29,53,2473.97,600,-1873.97,208.72075
105,2020,6,18,42,1928.46,1000,-928.46,125.29125
1,2020,6,33,78,3258.36,1000,-2258.36,247.5465
81,2020,6,27,58,2439.93,500,-1939.93,196.06575
158,2020,6,27,60,2911.61,1000,-1911.61,226.1515
64,2020,6,20,48,1879.22,600,-1279.22,160.0575
131,2020,6,29,71,3422.68,1000,-2422.68,258.9855
35,2020,6,16,42,1788.8,1000,-788.8,130.06325
106,2020,6,30,71,2990.95,1000,-1990.95,228.537
135,2020,6,27,60,2609.54,1000,-1609.54,196.42425
181,2020,6,33,80,3675.39,600,-3075.39,280.1955
8,2020,6,29,53,2283.3,600,-1683.3,176.13225
79,2020,6,23,51,2085.35,600,-1485.35,168.849
102,2020,6,24,55,2405.78,1000,-1405.78,187.96175
159,2020,6,24,56,2503.66,800,-1703.66,200.52575
65,2020,6,30,75,3263.48,1000,-2263.48,260.066
110,2020,6,20,41,1755.08,800,-955.08,141.14075
114,2020,6,25,68,2956.46,1000,-1956.46,220.66175
98,2020,6,17,45,2058.92,800,-1258.92,139.80525
44,2020,6,22,60,2553.69,600,-1953.69,175.70625
41,2020,6,24,59,2865.71,500,-2365.71,229.369
66,2020,6,24,55,2474.11,800,-1674.11,198.24325
60,2020,6,24,55,2524.35,800,-1724.35,169.2055
39,2020,6,26,54,2534.72,800,-1734.72,197.99425
32,2020,6,18,44,1937.19,500,-1437.19,153.32625
165,2020,6,18,49,2375.85,1000,-1375.85,177.31425
70,2020,6,32,63,2820.76,500,-2320.76,222.94975
121,2020,6,20,50,2250.17,800,-1450.17,162.27075
101,2020,6,25,59,2740.29,500,-2240.29,221.576
180,2020,6,36,92,3920.7,1000,-2920.7,277.94775
148,2020,6,20,48,2100.7,1000,-1100.7,167.0245
155,2020,6,16,35,1583.45,600,-983.45,136.4255
116,2020,6,22,44,1954.59,500,-1454.59,132.30975
13,2020,6,18,39,1905.88,1000,-905.88,132.53125
123,2020,6,14,30,1230.63,600,-630.63,105.70675
20,2020,6,19,39,1529.43,800,-729.43,107.11225
194,2020,6,30,61,2552.41,800,-1752.41,191.43925
184,2020,6,26,61,2811.2,500,-2311.2,214.85075
151,2020,6,15,39,1895.26,500,-1395.26,138.60875
168,2020,6,22,46,2074.29,800,-1274.29,160.56475
52,2020,6,20,51,2406.42,800,-1606.42,190.3545
92,2020,6,31,71,3267.98,500,-2767.98,267.484
40,2020,6,25,55,2562.36,600,-1962.36,212.924
61,2020,6,26,50,2107.93,600,-1507.93,159.452
166,2020,6,28,61,2722.6,500,-2222.6,193.21375
134,2020,6,27,57,2626.58,600,-2026.58,222.352
23,2020,6,21,51,2262.93,800,-1462.93,179.74475
152,2020,6,33,71,3181.23,600,-2581.23,242.6225
186,2020,6,22,49,1940.15,600,-1340.15,155.87325
36,2020,6,23,60,2589.86,600,-1989.86,172.96575
171,2020,6,24,54,2568.85,600,-1968.85,182.4695
56,2020,6,23,53,2524.32,500,-2024.32,208.8375
90,2020,6,20,43,2124.84,800,-1324.84,175.5155
34,2020,6,31,75,3420.22,800,-2620.22,233.432
46,2020,6,20,51,2078.1,1000,-1078.1,171.26125
173,2020,6,27,58,2614.11,1000,-1614.11,192.38375
57,2020,6,29,65,3000.09,500,-2500.09,236.54875
15,2020,6,29,58,2661.29,500,-2161.29,207.72075
190,2020,6,21,52,2145.11,1000,-1145.11,163.367
146,2020,6,23,50,2174.05,600,-1574.05,170.2305
11,2020,6,32,78,3524.19,600,-2924.19,285.35725
185,2020,6,28,62,2569.51,500,-2069.51,200.623
62,2020,6,30,73,3286.34,500,-2786.34,242.53925
145,2020,6,27,61,2660.16,600,-2060.16,195.61925
169,2020,6,25,67,2714.56,500,-2214.56,216.15675
86,2020,6,31,65,2843.16,800,-2043.16,223.2245